[{"continent": "NA", "coordinates": "-84.428101, 33.6367", "elevation_ft": 1026, "gps_code": "KATL", "iata_code": "ATL", "ident": "KATL", "iso_country": "US", "iso_region": "US-GA", "local_code": "ATL", "municipality": "Atlanta", "name": "Hartsfield Jackson Atlanta International Airport", "type": "large_airport"}, {"continent": "NA", "coordinates": "-71.00520325, 42.36429977", "elevation_ft": 20, "gps_code": "KBOS", "iata_code": "BOS", "ident": "KBOS", "iso_country": "US", "iso_region": "US-MA", "local_code": "BOS", "municipality": "Boston", "name": "General Edward Lawrence Logan International Airport", "type": "large_airport"}, {"continent": "NA", "coordinates": "-76.668297, 39.1754", "elevation_ft": 146, "gps_code": "KBWI", "iata_code": "BWI", "ident": "KBWI", "iso_country": "US", "iso_region": "US-MD", "local_code": "BWI", "municipality": "Baltimore", "name": "Baltimore/Washington International Thurgood Marshall Airport", "type": "large_airport"}, {"continent": "NA", "coordinates": "-80.94309997558594, 35.2140007019043", "elevation_ft": 748, "gps_code": "KCLT", "iata_code": "CLT", "ident": "KCLT", "iso_country": "US", "iso_region": "US-NC", "local_code": "CLT", "municipality": "Charlotte", "name": "Charlotte Douglas International Airport", "type": "large_airport"}, {"continent": "NA", "coordinates": "-77.037697, 38.8521", "elevation_ft": 15, "gps_code": "KDCA", "iata_code": "DCA", "ident": "KDCA", "iso_country": "US", "iso_region": "US-DC", "local_code": "DCA", "municipality": "Washington", "name": "Ronald Reagan Washington National Airport", "type": "large_airport"}, {"continent": "NA", "coordinates": "-104.672996521, 39.861698150635", "elevation_ft": 5431, "gps_code": "KDEN", "iata_code": "DEN", "ident": "KDEN", "iso_country": "US", "iso_region": "US-CO", "local_code": "DEN", "municipality": "Denver", "name": "Denver International Airport", "type": "large_airport"}, {"continent": "NA", "coordinates": "-97.038002, 32.896801", "elevation_ft": 607, "gps_code": "KDFW", "iata_code": "DFW", "ident": "KDFW", "iso_country": "US", "iso_region": "US-TX", "local_code": "DFW", "municipality": "Dallas-Fort Worth", "name": "Dallas Fort Worth International Airport", "type": "large_airport"}, {"continent": "NA", "coordinates": "-83.35340118408203, 42.212398529052734", "elevation_ft": 645, "gps_code": "KDTW", "iata_code": "DTW", "ident": "KDTW", "iso_country": "US", "iso_region": "US-MI", "local_code": "DTW", "municipality": "Detroit", "name": "Detroit Metropolitan Wayne County Airport", "type": "large_airport"}, {"continent": "NA", "coordinates": "-74.168701171875, 40.692501068115234", "elevation_ft": 18, "gps_code": "KEWR", "iata_code": "EWR", "ident": "KEWR", "iso_country": "US", "iso_region": "US-NJ", "local_code": "EWR", "municipality": "Newark", "name": "Newark Liberty International Airport", "type": "large_airport"}, {"continent": "NA", "coordinates": "-80.152702, 26.072599", "elevation_ft": 9, "gps_code": "KFLL", "iata_code": "FLL", "ident": "KFLL", "iso_country": "US", "iso_region": "US-FL", "local_code": "FLL", "municipality": "Fort Lauderdale", "name": "Fort Lauderdale Hollywood International Airport", "type": "large_airport"}, {"continent": "NA", "coordinates": "-77.45580292, 38.94449997", "elevation_ft": 312, "gps_code": "KIAD", "iata_code": "IAD", "ident": "KIAD", "iso_country": "US", "iso_region": "US-DC", "local_code": "IAD", "municipality": "Washington", "name": "Washington Dulles International Airport", "type": "large_airport"}, {"continent": "NA", "coordinates": "-95.34140014648438, 29.984399795532227", "elevation_ft": 97, "gps_code": "KIAH", "iata_code": "IAH", "ident": "KIAH", "iso_country": "US", "iso_region": "US-TX", "local_code": "IAH", "municipality": "Houston", "name": "George Bush Intercontinental Houston Airport", "type": "large_airport"}, {"continent": "NA", "coordinates": "-73.7789, 40.639801", "elevation_ft": 13, "gps_code": "KJFK", "iata_code": "JFK", "ident": "KJFK", "iso_country": "US", "iso_region": "US-NY", "local_code": "JFK", "municipality": "New York", "name": "John F Kennedy International Airport", "type": "large_airport"}, {"continent": "NA", "coordinates": "-115.1520004, 36.08010101", "elevation_ft": 2181, "gps_code": "KLAS", "iata_code": "LAS", "ident": "KLAS", "iso_country": "US", "iso_region": "US-NV", "local_code": "LAS", "municipality": "Las Vegas", "name": "McCarran International Airport", "type": "large_airport"}, {"continent": "NA", "coordinates": "-118.407997, 33.942501", "elevation_ft": 125, "gps_code": "KLAX", "iata_code": "LAX", "ident": "KLAX", "iso_country": "US", "iso_region": "US-CA", "local_code": "LAX", "municipality": "Los Angeles", "name": "Los Angeles International Airport", "type": "large_airport"}, {"continent": "NA", "coordinates": "-73.872597, 40.777199", "elevation_ft": 21, "gps_code": "KLGA", "iata_code": "LGA", "ident": "KLGA", "iso_country": "US", "iso_region": "US-NY", "local_code": "LGA", "municipality": "New York", "name": "La Guardia Airport", "type": "large_airport"}, {"continent": "NA", "coordinates": "-81.30899810791016, 28.429399490356445", "elevation_ft": 96, "gps_code": "KMCO", "iata_code": "MCO", "ident": "KMCO", "iso_country": "US", "iso_region": "US-FL", "local_code": "MCO", "municipality": "Orlando", "name": "Orlando International Airport", "type": "large_airport"}, {"continent": "NA", "coordinates": "-87.752403, 41.785999", "elevation_ft": 620, "gps_code": "KMDW", "iata_code": "MDW", "ident": "KMDW", "iso_country": "US", "iso_region": "US-IL", "local_code": "MDW", "municipality": "Chicago", "name": "Chicago Midway International Airport", "type": "large_airport"}, {"continent": "NA", "coordinates": "-80.29060363769531, 25.79319953918457", "elevation_ft": 8, "gps_code": "KMIA", "iata_code": "MIA", "ident": "KMIA", "iso_country": "US", "iso_region": "US-FL", "local_code": "MIA", "municipality": "Miami", "name": "Miami International Airport", "type": "large_airport"}, {"continent": "NA", "coordinates": "-93.221802, 44.882", "elevation_ft": 841, "gps_code": "KMSP", "iata_code": "MSP", "ident": "KMSP", "iso_country": "US", "iso_region": "US-MN", "local_code": "MSP", "municipality": "Minneapolis", "name": "Minneapolis-St Paul International/Wold-Chamberlain Airport", "type": "large_airport"}, {"continent": "NA", "coordinates": "-87.9048, 41.9786", "elevation_ft": 672, "gps_code": "KORD", "iata_code": "ORD", "ident": "KORD", "iso_country": "US", "iso_region": "US-IL", "local_code": "ORD", "municipality": "Chicago", "name": "Chicago O'Hare International Airport", "type": "large_airport"}, {"continent": "NA", "coordinates": "-122.5979996, 45.58869934", "elevation_ft": 31, "gps_code": "KPDX", "iata_code": "PDX", "ident": "KPDX", "iso_country": "US", "iso_region": "US-OR", "local_code": "PDX", "municipality": "Portland", "name": "Portland International Airport", "type": "large_airport"}, {"continent": "NA", "coordinates": "-75.24109649658203, 39.87189865112305", "elevation_ft": 36, "gps_code": "KPHL", "iata_code": "PHL", "ident": "KPHL", "iso_country": "US", "iso_region": "US-PA", "local_code": "PHL", "municipality": "Philadelphia", "name": "Philadelphia International Airport", "type": "large_airport"}, {"continent": "NA", "coordinates": "-112.01200103759766, 33.43429946899414", "elevation_ft": 1135, "gps_code": "KPHX", "iata_code": "PHX", "ident": "KPHX", "iso_country": "US", "iso_region": "US-AZ", "local_code": "PHX", "municipality": "Phoenix", "name": "Phoenix Sky Harbor International Airport", "type": "large_airport"}, {"continent": "NA", "coordinates": "-117.190002441, 32.7336006165", "elevation_ft": 17, "gps_code": "KSAN", "iata_code": "SAN", "ident": "KSAN", "iso_country": "US", "iso_region": "US-CA", "local_code": "SAN", "municipality": "San Diego", "name": "San Diego International Airport", "type": "large_airport"}, {"continent": "NA", "coordinates": "-122.308998, 47.449001", "elevation_ft": 433, "gps_code": "KSEA", "iata_code": "SEA", "ident": "KSEA", "iso_country": "US", "iso_region": "US-WA", "local_code": "SEA", "municipality": "Seattle", "name": "Seattle Tacoma International Airport", "type": "large_airport"}, {"continent": "NA", "coordinates": "-122.375, 37.61899948120117", "elevation_ft": 13, "gps_code": "KSFO", "iata_code": "SFO", "ident": "KSFO", "iso_country": "US", "iso_region": "US-CA", "local_code": "SFO", "municipality": "San Francisco", "name": "San Francisco International Airport", "type": "large_airport"}, {"continent": "NA", "coordinates": "-111.97799682617188, 40.78839874267578", "elevation_ft": 4227, "gps_code": "KSLC", "iata_code": "SLC", "ident": "KSLC", "iso_country": "US", "iso_region": "US-UT", "local_code": "SLC", "municipality": "Salt Lake City", "name": "Salt Lake City International Airport", "type": "large_airport"}, {"continent": "NA", "coordinates": "-82.533203125, 27.975500106811523", "elevation_ft": 26, "gps_code": "KTPA", "iata_code": "TPA", "ident": "KTPA", "iso_country": "US", "iso_region": "US-FL", "local_code": "TPA", "municipality": "Tampa", "name": "Tampa International Airport", "type": "large_airport"}]